{"data":[{"Properties":{"domain":"EVIL.PLUMBING.XYZ","name":"DEFAULT DOMAIN POLICY@EVIL.PLUMBING.XYZ","distinguishedname":"CN={31B2F340-016D-11D2-945F-00C04FB984F9},CN=POLICIES,CN=SYSTEM,DC=EVIL,DC=PLUMBING,DC=XYZ","domainsid":"S-1-5-21-1791836976-708553029-508572745","isaclprotected":true,"whencreated":1725417789,"gpcpath":"\\\\EVIL.PLUMBING.XYZ\\SYSVOL\\EVIL.PLUMBING.XYZ\\POLICIES\\{31B2F340-016D-11D2-945F-00C04FB984F9}"},"Aces":[{"PrincipalSID":"S-1-5-21-1791836976-708553029-508572745-512","PrincipalType":"Group","RightName":"Owns","IsInherited":false,"InheritanceHash":null},{"PrincipalSID":"S-1-5-21-1791836976-708553029-508572745-512","PrincipalType":"Group","RightName":"WriteDacl","IsInherited":false,"InheritanceHash":""},{"PrincipalSID":"S-1-5-21-1791836976-708553029-508572745-512","PrincipalType":"Group","RightName":"WriteOwner","IsInherited":false,"InheritanceHash":""},{"PrincipalSID":"S-1-5-21-1791836976-708553029-508572745-512","PrincipalType":"Group","RightName":"GenericWrite","IsInherited":false,"InheritanceHash":""},{"PrincipalSID":"S-1-5-21-1791836976-708553029-508572745-512","PrincipalType":"Group","RightName":"WriteDacl","IsInherited":false,"InheritanceHash":""},{"PrincipalSID":"S-1-5-21-1791836976-708553029-508572745-512","PrincipalType":"Group","RightName":"WriteOwner","IsInherited":false,"InheritanceHash":""},{"PrincipalSID":"S-1-5-21-1791836976-708553029-508572745-512","PrincipalType":"Group","RightName":"GenericWrite","IsInherited":false,"InheritanceHash":""},{"PrincipalSID":"S-1-5-21-1791836976-708553029-508572745-519","PrincipalType":"Group","RightName":"WriteDacl","IsInherited":false,"InheritanceHash":""},{"PrincipalSID":"S-1-5-21-1791836976-708553029-508572745-519","PrincipalType":"Group","RightName":"WriteOwner","IsInherited":false,"InheritanceHash":""},{"PrincipalSID":"S-1-5-21-1791836976-708553029-508572745-519","PrincipalType":"Group","RightName":"GenericWrite","IsInherited":false,"InheritanceHash":""}],"ObjectIdentifier":"B51A3E0B-B893-4AE6-94CA-2D52C9438904","IsDeleted":false,"IsACLProtected":true,"ContainedBy":null},{"Properties":{"domain":"EVIL.PLUMBING.XYZ","name":"DEFAULT DOMAIN CONTROLLERS POLICY@EVIL.PLUMBING.XYZ","distinguishedname":"CN={6AC1786C-016F-11D2-945F-00C04FB984F9},CN=POLICIES,CN=SYSTEM,DC=EVIL,DC=PLUMBING,DC=XYZ","domainsid":"S-1-5-21-1791836976-708553029-508572745","isaclprotected":true,"whencreated":1725417789,"gpcpath":"\\\\EVIL.PLUMBING.XYZ\\SYSVOL\\EVIL.PLUMBING.XYZ\\POLICIES\\{6AC1786C-016F-11D2-945F-00C04FB984F9}"},"Aces":[{"PrincipalSID":"S-1-5-21-1791836976-708553029-508572745-512","PrincipalType":"Group","RightName":"Owns","IsInherited":false,"InheritanceHash":null},{"PrincipalSID":"S-1-5-21-1791836976-708553029-508572745-512","PrincipalType":"Group","RightName":"WriteDacl","IsInherited":false,"InheritanceHash":""},{"PrincipalSID":"S-1-5-21-1791836976-708553029-508572745-512","PrincipalType":"Group","RightName":"WriteOwner","IsInherited":false,"InheritanceHash":""},{"PrincipalSID":"S-1-5-21-1791836976-708553029-508572745-512","PrincipalType":"Group","RightName":"GenericWrite","IsInherited":false,"InheritanceHash":""},{"PrincipalSID":"S-1-5-21-1791836976-708553029-508572745-512","PrincipalType":"Group","RightName":"WriteDacl","IsInherited":false,"InheritanceHash":""},{"PrincipalSID":"S-1-5-21-1791836976-708553029-508572745-512","PrincipalType":"Group","RightName":"WriteOwner","IsInherited":false,"InheritanceHash":""},{"PrincipalSID":"S-1-5-21-1791836976-708553029-508572745-512","PrincipalType":"Group","RightName":"GenericWrite","IsInherited":false,"InheritanceHash":""},{"PrincipalSID":"S-1-5-21-1791836976-708553029-508572745-519","PrincipalType":"Group","RightName":"WriteDacl","IsInherited":false,"InheritanceHash":""},{"PrincipalSID":"S-1-5-21-1791836976-708553029-508572745-519","PrincipalType":"Group","RightName":"WriteOwner","IsInherited":false,"InheritanceHash":""},{"PrincipalSID":"S-1-5-21-1791836976-708553029-508572745-519","PrincipalType":"Group","RightName":"GenericWrite","IsInherited":false,"InheritanceHash":""}],"ObjectIdentifier":"10FACBA3-F090-4DE4-9905-B575A4B66CB2","IsDeleted":false,"IsACLProtected":true,"ContainedBy":null},{"Properties":{"domain":"EVIL.PLUMBING.XYZ","name":"LAB1-EXAMPLEGPO@EVIL.PLUMBING.XYZ","distinguishedname":"CN={B8C4EFED-0C55-40B9-AA9B-77CBD3F4D906},CN=POLICIES,CN=SYSTEM,DC=EVIL,DC=PLUMBING,DC=XYZ","domainsid":"S-1-5-21-1791836976-708553029-508572745","isaclprotected":true,"whencreated":1725501874,"gpcpath":"\\\\EVIL.PLUMBING.XYZ\\SYSVOL\\EVIL.PLUMBING.XYZ\\POLICIES\\{B8C4EFED-0C55-40B9-AA9B-77CBD3F4D906}"},"Aces":[{"PrincipalSID":"S-1-5-21-1791836976-708553029-508572745-512","PrincipalType":"Group","RightName":"Owns","IsInherited":false,"InheritanceHash":null},{"PrincipalSID":"S-1-5-21-1791836976-708553029-508572745-512","PrincipalType":"Group","RightName":"WriteDacl","IsInherited":false,"InheritanceHash":""},{"PrincipalSID":"S-1-5-21-1791836976-708553029-508572745-512","PrincipalType":"Group","RightName":"WriteOwner","IsInherited":false,"InheritanceHash":""},{"PrincipalSID":"S-1-5-21-1791836976-708553029-508572745-512","PrincipalType":"Group","RightName":"GenericWrite","IsInherited":false,"InheritanceHash":""},{"PrincipalSID":"S-1-5-21-1791836976-708553029-508572745-519","PrincipalType":"Group","RightName":"WriteDacl","IsInherited":false,"InheritanceHash":""},{"PrincipalSID":"S-1-5-21-1791836976-708553029-508572745-519","PrincipalType":"Group","RightName":"WriteOwner","IsInherited":false,"InheritanceHash":""},{"PrincipalSID":"S-1-5-21-1791836976-708553029-508572745-519","PrincipalType":"Group","RightName":"GenericWrite","IsInherited":false,"InheritanceHash":""}],"ObjectIdentifier":"9D3A5B79-5DD3-4383-A52F-8773DF39D1D3","IsDeleted":false,"IsACLProtected":true,"ContainedBy":null},{"Properties":{"domain":"EVIL.PLUMBING.XYZ","name":"MSFT INTERNET EXPLORER 11 - COMPUTER@EVIL.PLUMBING.XYZ","distinguishedname":"CN={62422F4A-78A8-482E-9A33-5B4DBBCDA440},CN=POLICIES,CN=SYSTEM,DC=EVIL,DC=PLUMBING,DC=XYZ","domainsid":"S-1-5-21-1791836976-708553029-508572745","isaclprotected":true,"whencreated":1725505762,"gpcpath":"\\\\EVIL.PLUMBING.XYZ\\SYSVOL\\EVIL.PLUMBING.XYZ\\POLICIES\\{62422F4A-78A8-482E-9A33-5B4DBBCDA440}"},"Aces":[{"PrincipalSID":"S-1-5-21-1791836976-708553029-508572745-512","PrincipalType":"Group","RightName":"Owns","IsInherited":false,"InheritanceHash":null},{"PrincipalSID":"S-1-5-21-1791836976-708553029-508572745-512","PrincipalType":"Group","RightName":"WriteDacl","IsInherited":false,"InheritanceHash":""},{"PrincipalSID":"S-1-5-21-1791836976-708553029-508572745-512","PrincipalType":"Group","RightName":"WriteOwner","IsInherited":false,"InheritanceHash":""},{"PrincipalSID":"S-1-5-21-1791836976-708553029-508572745-512","PrincipalType":"Group","RightName":"GenericWrite","IsInherited":false,"InheritanceHash":""},{"PrincipalSID":"S-1-5-21-1791836976-708553029-508572745-519","PrincipalType":"Group","RightName":"WriteDacl","IsInherited":false,"InheritanceHash":""},{"PrincipalSID":"S-1-5-21-1791836976-708553029-508572745-519","PrincipalType":"Group","RightName":"WriteOwner","IsInherited":false,"InheritanceHash":""},{"PrincipalSID":"S-1-5-21-1791836976-708553029-508572745-519","PrincipalType":"Group","RightName":"GenericWrite","IsInherited":false,"InheritanceHash":""}],"ObjectIdentifier":"E2450439-E4C1-44D2-A54F-E463805D554B","IsDeleted":false,"IsACLProtected":true,"ContainedBy":null},{"Properties":{"domain":"EVIL.PLUMBING.XYZ","name":"MSFT INTERNET EXPLORER 11 - USER@EVIL.PLUMBING.XYZ","distinguishedname":"CN={3B98651A-EC69-4BFA-A4F3-FBCADB221C44},CN=POLICIES,CN=SYSTEM,DC=EVIL,DC=PLUMBING,DC=XYZ","domainsid":"S-1-5-21-1791836976-708553029-508572745","isaclprotected":true,"whencreated":1725505763,"gpcpath":"\\\\EVIL.PLUMBING.XYZ\\SYSVOL\\EVIL.PLUMBING.XYZ\\POLICIES\\{3B98651A-EC69-4BFA-A4F3-FBCADB221C44}"},"Aces":[{"PrincipalSID":"S-1-5-21-1791836976-708553029-508572745-512","PrincipalType":"Group","RightName":"Owns","IsInherited":false,"InheritanceHash":null},{"PrincipalSID":"S-1-5-21-1791836976-708553029-508572745-512","PrincipalType":"Group","RightName":"WriteDacl","IsInherited":false,"InheritanceHash":""},{"PrincipalSID":"S-1-5-21-1791836976-708553029-508572745-512","PrincipalType":"Group","RightName":"WriteOwner","IsInherited":false,"InheritanceHash":""},{"PrincipalSID":"S-1-5-21-1791836976-708553029-508572745-512","PrincipalType":"Group","RightName":"GenericWrite","IsInherited":false,"InheritanceHash":""},{"PrincipalSID":"S-1-5-21-1791836976-708553029-508572745-519","PrincipalType":"Group","RightName":"WriteDacl","IsInherited":false,"InheritanceHash":""},{"PrincipalSID":"S-1-5-21-1791836976-708553029-508572745-519","PrincipalType":"Group","RightName":"WriteOwner","IsInherited":false,"InheritanceHash":""},{"PrincipalSID":"S-1-5-21-1791836976-708553029-508572745-519","PrincipalType":"Group","RightName":"GenericWrite","IsInherited":false,"InheritanceHash":""}],"ObjectIdentifier":"E7CDA1BE-9650-4DB1-BA50-553A8A47BFE9","IsDeleted":false,"IsACLProtected":true,"ContainedBy":null},{"Properties":{"domain":"EVIL.PLUMBING.XYZ","name":"MSFT WINDOWS 11 - BITLOCKER@EVIL.PLUMBING.XYZ","distinguishedname":"CN={089D7237-6F85-4C53-8A5C-A39321F5F7A3},CN=POLICIES,CN=SYSTEM,DC=EVIL,DC=PLUMBING,DC=XYZ","domainsid":"S-1-5-21-1791836976-708553029-508572745","isaclprotected":true,"whencreated":1725505764,"gpcpath":"\\\\EVIL.PLUMBING.XYZ\\SYSVOL\\EVIL.PLUMBING.XYZ\\POLICIES\\{089D7237-6F85-4C53-8A5C-A39321F5F7A3}"},"Aces":[{"PrincipalSID":"S-1-5-21-1791836976-708553029-508572745-512","PrincipalType":"Group","RightName":"Owns","IsInherited":false,"InheritanceHash":null},{"PrincipalSID":"S-1-5-21-1791836976-708553029-508572745-512","PrincipalType":"Group","RightName":"WriteDacl","IsInherited":false,"InheritanceHash":""},{"PrincipalSID":"S-1-5-21-1791836976-708553029-508572745-512","PrincipalType":"Group","RightName":"WriteOwner","IsInherited":false,"InheritanceHash":""},{"PrincipalSID":"S-1-5-21-1791836976-708553029-508572745-512","PrincipalType":"Group","RightName":"GenericWrite","IsInherited":false,"InheritanceHash":""},{"PrincipalSID":"S-1-5-21-1791836976-708553029-508572745-519","PrincipalType":"Group","RightName":"WriteDacl","IsInherited":false,"InheritanceHash":""},{"PrincipalSID":"S-1-5-21-1791836976-708553029-508572745-519","PrincipalType":"Group","RightName":"WriteOwner","IsInherited":false,"InheritanceHash":""},{"PrincipalSID":"S-1-5-21-1791836976-708553029-508572745-519","PrincipalType":"Group","RightName":"GenericWrite","IsInherited":false,"InheritanceHash":""}],"ObjectIdentifier":"6CE8E466-BBC2-4FAE-9861-5393C4EB17F5","IsDeleted":false,"IsACLProtected":true,"ContainedBy":null},{"Properties":{"domain":"EVIL.PLUMBING.XYZ","name":"MSFT WINDOWS 11 - COMPUTER@EVIL.PLUMBING.XYZ","distinguishedname":"CN={E6E62B15-B94B-4FD9-9AA6-A904C1BE877B},CN=POLICIES,CN=SYSTEM,DC=EVIL,DC=PLUMBING,DC=XYZ","domainsid":"S-1-5-21-1791836976-708553029-508572745","isaclprotected":true,"whencreated":1725505764,"gpcpath":"\\\\EVIL.PLUMBING.XYZ\\SYSVOL\\EVIL.PLUMBING.XYZ\\POLICIES\\{E6E62B15-B94B-4FD9-9AA6-A904C1BE877B}"},"Aces":[{"PrincipalSID":"S-1-5-21-1791836976-708553029-508572745-512","PrincipalType":"Group","RightName":"Owns","IsInherited":false,"InheritanceHash":null},{"PrincipalSID":"S-1-5-21-1791836976-708553029-508572745-512","PrincipalType":"Group","RightName":"WriteDacl","IsInherited":false,"InheritanceHash":""},{"PrincipalSID":"S-1-5-21-1791836976-708553029-508572745-512","PrincipalType":"Group","RightName":"WriteOwner","IsInherited":false,"InheritanceHash":""},{"PrincipalSID":"S-1-5-21-1791836976-708553029-508572745-512","PrincipalType":"Group","RightName":"GenericWrite","IsInherited":false,"InheritanceHash":""},{"PrincipalSID":"S-1-5-21-1791836976-708553029-508572745-519","PrincipalType":"Group","RightName":"WriteDacl","IsInherited":false,"InheritanceHash":""},{"PrincipalSID":"S-1-5-21-1791836976-708553029-508572745-519","PrincipalType":"Group","RightName":"WriteOwner","IsInherited":false,"InheritanceHash":""},{"PrincipalSID":"S-1-5-21-1791836976-708553029-508572745-519","PrincipalType":"Group","RightName":"GenericWrite","IsInherited":false,"InheritanceHash":""}],"ObjectIdentifier":"2EB016C3-48FD-4882-8FE4-2F8041A2AD0C","IsDeleted":false,"IsACLProtected":true,"ContainedBy":null},{"Properties":{"domain":"EVIL.PLUMBING.XYZ","name":"MSFT WINDOWS 11 - CREDENTIAL GUARD@EVIL.PLUMBING.XYZ","distinguishedname":"CN={2781BF2C-8ACC-420B-B4CF-154192E31B63},CN=POLICIES,CN=SYSTEM,DC=EVIL,DC=PLUMBING,DC=XYZ","domainsid":"S-1-5-21-1791836976-708553029-508572745","isaclprotected":true,"whencreated":1725505765,"gpcpath":"\\\\EVIL.PLUMBING.XYZ\\SYSVOL\\EVIL.PLUMBING.XYZ\\POLICIES\\{2781BF2C-8ACC-420B-B4CF-154192E31B63}"},"Aces":[{"PrincipalSID":"S-1-5-21-1791836976-708553029-508572745-512","PrincipalType":"Group","RightName":"Owns","IsInherited":false,"InheritanceHash":null},{"PrincipalSID":"S-1-5-21-1791836976-708553029-508572745-512","PrincipalType":"Group","RightName":"WriteDacl","IsInherited":false,"InheritanceHash":""},{"PrincipalSID":"S-1-5-21-1791836976-708553029-508572745-512","PrincipalType":"Group","RightName":"WriteOwner","IsInherited":false,"InheritanceHash":""},{"PrincipalSID":"S-1-5-21-1791836976-708553029-508572745-512","PrincipalType":"Group","RightName":"GenericWrite","IsInherited":false,"InheritanceHash":""},{"PrincipalSID":"S-1-5-21-1791836976-708553029-508572745-519","PrincipalType":"Group","RightName":"WriteDacl","IsInherited":false,"InheritanceHash":""},{"PrincipalSID":"S-1-5-21-1791836976-708553029-508572745-519","PrincipalType":"Group","RightName":"WriteOwner","IsInherited":false,"InheritanceHash":""},{"PrincipalSID":"S-1-5-21-1791836976-708553029-508572745-519","PrincipalType":"Group","RightName":"GenericWrite","IsInherited":false,"InheritanceHash":""}],"ObjectIdentifier":"34E878C4-FDB3-4489-BD30-4F7E1FFB8516","IsDeleted":false,"IsACLProtected":true,"ContainedBy":null},{"Properties":{"domain":"EVIL.PLUMBING.XYZ","name":"MSFT WINDOWS 11 - DEFENDER ANTIVIRUS@EVIL.PLUMBING.XYZ","distinguishedname":"CN={D941D462-A840-47B0-9352-A0E0CD28E5E3},CN=POLICIES,CN=SYSTEM,DC=EVIL,DC=PLUMBING,DC=XYZ","domainsid":"S-1-5-21-1791836976-708553029-508572745","isaclprotected":true,"whencreated":1725505765,"gpcpath":"\\\\EVIL.PLUMBING.XYZ\\SYSVOL\\EVIL.PLUMBING.XYZ\\POLICIES\\{D941D462-A840-47B0-9352-A0E0CD28E5E3}"},"Aces":[{"PrincipalSID":"S-1-5-21-1791836976-708553029-508572745-512","PrincipalType":"Group","RightName":"Owns","IsInherited":false,"InheritanceHash":null},{"PrincipalSID":"S-1-5-21-1791836976-708553029-508572745-512","PrincipalType":"Group","RightName":"WriteDacl","IsInherited":false,"InheritanceHash":""},{"PrincipalSID":"S-1-5-21-1791836976-708553029-508572745-512","PrincipalType":"Group","RightName":"WriteOwner","IsInherited":false,"InheritanceHash":""},{"PrincipalSID":"S-1-5-21-1791836976-708553029-508572745-512","PrincipalType":"Group","RightName":"GenericWrite","IsInherited":false,"InheritanceHash":""},{"PrincipalSID":"S-1-5-21-1791836976-708553029-508572745-519","PrincipalType":"Group","RightName":"WriteDacl","IsInherited":false,"InheritanceHash":""},{"PrincipalSID":"S-1-5-21-1791836976-708553029-508572745-519","PrincipalType":"Group","RightName":"WriteOwner","IsInherited":false,"InheritanceHash":""},{"PrincipalSID":"S-1-5-21-1791836976-708553029-508572745-519","PrincipalType":"Group","RightName":"GenericWrite","IsInherited":false,"InheritanceHash":""}],"ObjectIdentifier":"55EC28D9-1399-4964-90E5-389C7D1A2A80","IsDeleted":false,"IsACLProtected":true,"ContainedBy":null},{"Properties":{"domain":"EVIL.PLUMBING.XYZ","name":"MSFT WINDOWS 11 - DOMAIN SECURITY@EVIL.PLUMBING.XYZ","distinguishedname":"CN={61D997C5-126B-43D6-8956-2C33FBD96E1F},CN=POLICIES,CN=SYSTEM,DC=EVIL,DC=PLUMBING,DC=XYZ","domainsid":"S-1-5-21-1791836976-708553029-508572745","isaclprotected":true,"whencreated":1725505766,"gpcpath":"\\\\EVIL.PLUMBING.XYZ\\SYSVOL\\EVIL.PLUMBING.XYZ\\POLICIES\\{61D997C5-126B-43D6-8956-2C33FBD96E1F}"},"Aces":[{"PrincipalSID":"S-1-5-21-1791836976-708553029-508572745-512","PrincipalType":"Group","RightName":"Owns","IsInherited":false,"InheritanceHash":null},{"PrincipalSID":"S-1-5-21-1791836976-708553029-508572745-512","PrincipalType":"Group","RightName":"WriteDacl","IsInherited":false,"InheritanceHash":""},{"PrincipalSID":"S-1-5-21-1791836976-708553029-508572745-512","PrincipalType":"Group","RightName":"WriteOwner","IsInherited":false,"InheritanceHash":""},{"PrincipalSID":"S-1-5-21-1791836976-708553029-508572745-512","PrincipalType":"Group","RightName":"GenericWrite","IsInherited":false,"InheritanceHash":""},{"PrincipalSID":"S-1-5-21-1791836976-708553029-508572745-519","PrincipalType":"Group","RightName":"WriteDacl","IsInherited":false,"InheritanceHash":""},{"PrincipalSID":"S-1-5-21-1791836976-708553029-508572745-519","PrincipalType":"Group","RightName":"WriteOwner","IsInherited":false,"InheritanceHash":""},{"PrincipalSID":"S-1-5-21-1791836976-708553029-508572745-519","PrincipalType":"Group","RightName":"GenericWrite","IsInherited":false,"InheritanceHash":""}],"ObjectIdentifier":"7A502FE1-FECD-40D3-A6FC-A44141EBCDDA","IsDeleted":false,"IsACLProtected":true,"ContainedBy":null},{"Properties":{"domain":"EVIL.PLUMBING.XYZ","name":"MSFT WINDOWS 11 - USER@EVIL.PLUMBING.XYZ","distinguishedname":"CN={9D52A224-091F-4DA7-9CA8-7F5EAEA48FE8},CN=POLICIES,CN=SYSTEM,DC=EVIL,DC=PLUMBING,DC=XYZ","domainsid":"S-1-5-21-1791836976-708553029-508572745","isaclprotected":true,"whencreated":1725505766,"gpcpath":"\\\\EVIL.PLUMBING.XYZ\\SYSVOL\\EVIL.PLUMBING.XYZ\\POLICIES\\{9D52A224-091F-4DA7-9CA8-7F5EAEA48FE8}"},"Aces":[{"PrincipalSID":"S-1-5-21-1791836976-708553029-508572745-512","PrincipalType":"Group","RightName":"Owns","IsInherited":false,"InheritanceHash":null},{"PrincipalSID":"S-1-5-21-1791836976-708553029-508572745-512","PrincipalType":"Group","RightName":"WriteDacl","IsInherited":false,"InheritanceHash":""},{"PrincipalSID":"S-1-5-21-1791836976-708553029-508572745-512","PrincipalType":"Group","RightName":"WriteOwner","IsInherited":false,"InheritanceHash":""},{"PrincipalSID":"S-1-5-21-1791836976-708553029-508572745-512","PrincipalType":"Group","RightName":"GenericWrite","IsInherited":false,"InheritanceHash":""},{"PrincipalSID":"S-1-5-21-1791836976-708553029-508572745-519","PrincipalType":"Group","RightName":"WriteDacl","IsInherited":false,"InheritanceHash":""},{"PrincipalSID":"S-1-5-21-1791836976-708553029-508572745-519","PrincipalType":"Group","RightName":"WriteOwner","IsInherited":false,"InheritanceHash":""},{"PrincipalSID":"S-1-5-21-1791836976-708553029-508572745-519","PrincipalType":"Group","RightName":"GenericWrite","IsInherited":false,"InheritanceHash":""}],"ObjectIdentifier":"275AE6DB-A70A-498C-ADAA-34F83C5CED6E","IsDeleted":false,"IsACLProtected":true,"ContainedBy":null},{"Properties":{"domain":"EVIL.PLUMBING.XYZ","name":"REMOVECLOCK@EVIL.PLUMBING.XYZ","distinguishedname":"CN={499E06B9-1E7A-448C-8AAE-4328A2BFFC1B},CN=POLICIES,CN=SYSTEM,DC=EVIL,DC=PLUMBING,DC=XYZ","domainsid":"S-1-5-21-1791836976-708553029-508572745","isaclprotected":true,"whencreated":1726111647,"gpcpath":"\\\\EVIL.PLUMBING.XYZ\\SYSVOL\\EVIL.PLUMBING.XYZ\\POLICIES\\{499E06B9-1E7A-448C-8AAE-4328A2BFFC1B}"},"Aces":[{"PrincipalSID":"S-1-5-21-1791836976-708553029-508572745-512","PrincipalType":"Group","RightName":"Owns","IsInherited":false,"InheritanceHash":null},{"PrincipalSID":"S-1-5-21-1791836976-708553029-508572745-512","PrincipalType":"Group","RightName":"WriteDacl","IsInherited":false,"InheritanceHash":""},{"PrincipalSID":"S-1-5-21-1791836976-708553029-508572745-512","PrincipalType":"Group","RightName":"WriteOwner","IsInherited":false,"InheritanceHash":""},{"PrincipalSID":"S-1-5-21-1791836976-708553029-508572745-512","PrincipalType":"Group","RightName":"GenericWrite","IsInherited":false,"InheritanceHash":""},{"PrincipalSID":"S-1-5-21-1791836976-708553029-508572745-513","PrincipalType":"Group","RightName":"WriteDacl","IsInherited":false,"InheritanceHash":""},{"PrincipalSID":"S-1-5-21-1791836976-708553029-508572745-513","PrincipalType":"Group","RightName":"WriteOwner","IsInherited":false,"InheritanceHash":""},{"PrincipalSID":"S-1-5-21-1791836976-708553029-508572745-513","PrincipalType":"Group","RightName":"GenericWrite","IsInherited":false,"InheritanceHash":""},{"PrincipalSID":"S-1-5-21-1791836976-708553029-508572745-519","PrincipalType":"Group","RightName":"WriteDacl","IsInherited":false,"InheritanceHash":""},{"PrincipalSID":"S-1-5-21-1791836976-708553029-508572745-519","PrincipalType":"Group","RightName":"WriteOwner","IsInherited":false,"InheritanceHash":""},{"PrincipalSID":"S-1-5-21-1791836976-708553029-508572745-519","PrincipalType":"Group","RightName":"GenericWrite","IsInherited":false,"InheritanceHash":""}],"ObjectIdentifier":"7F5E4502-26CA-4070-AF12-9A218DB0A2F4","IsDeleted":false,"IsACLProtected":true,"ContainedBy":null},{"Properties":{"domain":"EVIL.PLUMBING.XYZ","name":"MSFT WINDOWS SERVER 2022 - DEFENDER ANTIVIRUS@EVIL.PLUMBING.XYZ","distinguishedname":"CN={90AF4AEE-F03D-40B7-86F5-131AB430B32B},CN=POLICIES,CN=SYSTEM,DC=EVIL,DC=PLUMBING,DC=XYZ","domainsid":"S-1-5-21-1791836976-708553029-508572745","isaclprotected":true,"whencreated":1726193141,"gpcpath":"\\\\EVIL.PLUMBING.XYZ\\SYSVOL\\EVIL.PLUMBING.XYZ\\POLICIES\\{90AF4AEE-F03D-40B7-86F5-131AB430B32B}"},"Aces":[{"PrincipalSID":"S-1-5-21-1791836976-708553029-508572745-512","PrincipalType":"Group","RightName":"Owns","IsInherited":false,"InheritanceHash":null},{"PrincipalSID":"S-1-5-21-1791836976-708553029-508572745-512","PrincipalType":"Group","RightName":"WriteDacl","IsInherited":false,"InheritanceHash":""},{"PrincipalSID":"S-1-5-21-1791836976-708553029-508572745-512","PrincipalType":"Group","RightName":"WriteOwner","IsInherited":false,"InheritanceHash":""},{"PrincipalSID":"S-1-5-21-1791836976-708553029-508572745-512","PrincipalType":"Group","RightName":"GenericWrite","IsInherited":false,"InheritanceHash":""},{"PrincipalSID":"S-1-5-21-1791836976-708553029-508572745-519","PrincipalType":"Group","RightName":"WriteDacl","IsInherited":false,"InheritanceHash":""},{"PrincipalSID":"S-1-5-21-1791836976-708553029-508572745-519","PrincipalType":"Group","RightName":"WriteOwner","IsInherited":false,"InheritanceHash":""},{"PrincipalSID":"S-1-5-21-1791836976-708553029-508572745-519","PrincipalType":"Group","RightName":"GenericWrite","IsInherited":false,"InheritanceHash":""}],"ObjectIdentifier":"E648084E-D91A-42F7-BA08-7591DB5A6748","IsDeleted":false,"IsACLProtected":true,"ContainedBy":null},{"Properties":{"domain":"EVIL.PLUMBING.XYZ","name":"MSFT WINDOWS SERVER 2022 - DOMAIN CONTROLLER@EVIL.PLUMBING.XYZ","distinguishedname":"CN={BAA2FE2E-7310-42D1-8EE9-48AA1A0DE070},CN=POLICIES,CN=SYSTEM,DC=EVIL,DC=PLUMBING,DC=XYZ","domainsid":"S-1-5-21-1791836976-708553029-508572745","isaclprotected":true,"whencreated":1726193142,"gpcpath":"\\\\EVIL.PLUMBING.XYZ\\SYSVOL\\EVIL.PLUMBING.XYZ\\POLICIES\\{BAA2FE2E-7310-42D1-8EE9-48AA1A0DE070}"},"Aces":[{"PrincipalSID":"S-1-5-21-1791836976-708553029-508572745-512","PrincipalType":"Group","RightName":"Owns","IsInherited":false,"InheritanceHash":null},{"PrincipalSID":"S-1-5-21-1791836976-708553029-508572745-512","PrincipalType":"Group","RightName":"WriteDacl","IsInherited":false,"InheritanceHash":""},{"PrincipalSID":"S-1-5-21-1791836976-708553029-508572745-512","PrincipalType":"Group","RightName":"WriteOwner","IsInherited":false,"InheritanceHash":""},{"PrincipalSID":"S-1-5-21-1791836976-708553029-508572745-512","PrincipalType":"Group","RightName":"GenericWrite","IsInherited":false,"InheritanceHash":""},{"PrincipalSID":"S-1-5-21-1791836976-708553029-508572745-519","PrincipalType":"Group","RightName":"WriteDacl","IsInherited":false,"InheritanceHash":""},{"PrincipalSID":"S-1-5-21-1791836976-708553029-508572745-519","PrincipalType":"Group","RightName":"WriteOwner","IsInherited":false,"InheritanceHash":""},{"PrincipalSID":"S-1-5-21-1791836976-708553029-508572745-519","PrincipalType":"Group","RightName":"GenericWrite","IsInherited":false,"InheritanceHash":""}],"ObjectIdentifier":"A8A98C84-4CC5-488D-A54B-8AE8A2FBA3F2","IsDeleted":false,"IsACLProtected":true,"ContainedBy":null},{"Properties":{"domain":"EVIL.PLUMBING.XYZ","name":"MSFT WINDOWS SERVER 2022 - DOMAIN CONTROLLER VIRTUALIZATION BASED SECURITY@EVIL.PLUMBING.XYZ","distinguishedname":"CN={91993A6F-B22D-479C-86E6-CD2A8EE890DC},CN=POLICIES,CN=SYSTEM,DC=EVIL,DC=PLUMBING,DC=XYZ","domainsid":"S-1-5-21-1791836976-708553029-508572745","isaclprotected":true,"whencreated":1726193143,"gpcpath":"\\\\EVIL.PLUMBING.XYZ\\SYSVOL\\EVIL.PLUMBING.XYZ\\POLICIES\\{91993A6F-B22D-479C-86E6-CD2A8EE890DC}"},"Aces":[{"PrincipalSID":"S-1-5-21-1791836976-708553029-508572745-512","PrincipalType":"Group","RightName":"Owns","IsInherited":false,"InheritanceHash":null},{"PrincipalSID":"S-1-5-21-1791836976-708553029-508572745-512","PrincipalType":"Group","RightName":"WriteDacl","IsInherited":false,"InheritanceHash":""},{"PrincipalSID":"S-1-5-21-1791836976-708553029-508572745-512","PrincipalType":"Group","RightName":"WriteOwner","IsInherited":false,"InheritanceHash":""},{"PrincipalSID":"S-1-5-21-1791836976-708553029-508572745-512","PrincipalType":"Group","RightName":"GenericWrite","IsInherited":false,"InheritanceHash":""},{"PrincipalSID":"S-1-5-21-1791836976-708553029-508572745-519","PrincipalType":"Group","RightName":"WriteDacl","IsInherited":false,"InheritanceHash":""},{"PrincipalSID":"S-1-5-21-1791836976-708553029-508572745-519","PrincipalType":"Group","RightName":"WriteOwner","IsInherited":false,"InheritanceHash":""},{"PrincipalSID":"S-1-5-21-1791836976-708553029-508572745-519","PrincipalType":"Group","RightName":"GenericWrite","IsInherited":false,"InheritanceHash":""}],"ObjectIdentifier":"B081CF08-F977-431F-A10B-3AA83C643767","IsDeleted":false,"IsACLProtected":true,"ContainedBy":null},{"Properties":{"domain":"EVIL.PLUMBING.XYZ","name":"MSFT WINDOWS SERVER 2022 - DOMAIN SECURITY@EVIL.PLUMBING.XYZ","distinguishedname":"CN={603006D1-9514-4CAB-9676-E84BBD2934FF},CN=POLICIES,CN=SYSTEM,DC=EVIL,DC=PLUMBING,DC=XYZ","domainsid":"S-1-5-21-1791836976-708553029-508572745","isaclprotected":true,"whencreated":1726193143,"gpcpath":"\\\\EVIL.PLUMBING.XYZ\\SYSVOL\\EVIL.PLUMBING.XYZ\\POLICIES\\{603006D1-9514-4CAB-9676-E84BBD2934FF}"},"Aces":[{"PrincipalSID":"S-1-5-21-1791836976-708553029-508572745-512","PrincipalType":"Group","RightName":"Owns","IsInherited":false,"InheritanceHash":null},{"PrincipalSID":"S-1-5-21-1791836976-708553029-508572745-512","PrincipalType":"Group","RightName":"WriteDacl","IsInherited":false,"InheritanceHash":""},{"PrincipalSID":"S-1-5-21-1791836976-708553029-508572745-512","PrincipalType":"Group","RightName":"WriteOwner","IsInherited":false,"InheritanceHash":""},{"PrincipalSID":"S-1-5-21-1791836976-708553029-508572745-512","PrincipalType":"Group","RightName":"GenericWrite","IsInherited":false,"InheritanceHash":""},{"PrincipalSID":"S-1-5-21-1791836976-708553029-508572745-519","PrincipalType":"Group","RightName":"WriteDacl","IsInherited":false,"InheritanceHash":""},{"PrincipalSID":"S-1-5-21-1791836976-708553029-508572745-519","PrincipalType":"Group","RightName":"WriteOwner","IsInherited":false,"InheritanceHash":""},{"PrincipalSID":"S-1-5-21-1791836976-708553029-508572745-519","PrincipalType":"Group","RightName":"GenericWrite","IsInherited":false,"InheritanceHash":""}],"ObjectIdentifier":"18F14C4A-0B63-47AD-9B09-BE5B5E4C3F8A","IsDeleted":false,"IsACLProtected":true,"ContainedBy":null},{"Properties":{"domain":"EVIL.PLUMBING.XYZ","name":"MSFT WINDOWS SERVER 2022 - MEMBER SERVER@EVIL.PLUMBING.XYZ","distinguishedname":"CN={2F0FA785-FE99-414C-9488-F85135F7DA75},CN=POLICIES,CN=SYSTEM,DC=EVIL,DC=PLUMBING,DC=XYZ","domainsid":"S-1-5-21-1791836976-708553029-508572745","isaclprotected":true,"whencreated":1726193143,"gpcpath":"\\\\EVIL.PLUMBING.XYZ\\SYSVOL\\EVIL.PLUMBING.XYZ\\POLICIES\\{2F0FA785-FE99-414C-9488-F85135F7DA75}"},"Aces":[{"PrincipalSID":"S-1-5-21-1791836976-708553029-508572745-512","PrincipalType":"Group","RightName":"Owns","IsInherited":false,"InheritanceHash":null},{"PrincipalSID":"S-1-5-21-1791836976-708553029-508572745-512","PrincipalType":"Group","RightName":"WriteDacl","IsInherited":false,"InheritanceHash":""},{"PrincipalSID":"S-1-5-21-1791836976-708553029-508572745-512","PrincipalType":"Group","RightName":"WriteOwner","IsInherited":false,"InheritanceHash":""},{"PrincipalSID":"S-1-5-21-1791836976-708553029-508572745-512","PrincipalType":"Group","RightName":"GenericWrite","IsInherited":false,"InheritanceHash":""},{"PrincipalSID":"S-1-5-21-1791836976-708553029-508572745-519","PrincipalType":"Group","RightName":"WriteDacl","IsInherited":false,"InheritanceHash":""},{"PrincipalSID":"S-1-5-21-1791836976-708553029-508572745-519","PrincipalType":"Group","RightName":"WriteOwner","IsInherited":false,"InheritanceHash":""},{"PrincipalSID":"S-1-5-21-1791836976-708553029-508572745-519","PrincipalType":"Group","RightName":"GenericWrite","IsInherited":false,"InheritanceHash":""}],"ObjectIdentifier":"3D7D156C-3813-4DA5-B84A-377D83530762","IsDeleted":false,"IsACLProtected":true,"ContainedBy":null},{"Properties":{"domain":"EVIL.PLUMBING.XYZ","name":"MSFT WINDOWS SERVER 2022 - MEMBER SERVER CREDENTIAL GUARD@EVIL.PLUMBING.XYZ","distinguishedname":"CN={BF0F286D-887C-4B37-9F95-B38330D80E86},CN=POLICIES,CN=SYSTEM,DC=EVIL,DC=PLUMBING,DC=XYZ","domainsid":"S-1-5-21-1791836976-708553029-508572745","isaclprotected":true,"whencreated":1726193144,"gpcpath":"\\\\EVIL.PLUMBING.XYZ\\SYSVOL\\EVIL.PLUMBING.XYZ\\POLICIES\\{BF0F286D-887C-4B37-9F95-B38330D80E86}"},"Aces":[{"PrincipalSID":"S-1-5-21-1791836976-708553029-508572745-512","PrincipalType":"Group","RightName":"Owns","IsInherited":false,"InheritanceHash":null},{"PrincipalSID":"S-1-5-21-1791836976-708553029-508572745-512","PrincipalType":"Group","RightName":"WriteDacl","IsInherited":false,"InheritanceHash":""},{"PrincipalSID":"S-1-5-21-1791836976-708553029-508572745-512","PrincipalType":"Group","RightName":"WriteOwner","IsInherited":false,"InheritanceHash":""},{"PrincipalSID":"S-1-5-21-1791836976-708553029-508572745-512","PrincipalType":"Group","RightName":"GenericWrite","IsInherited":false,"InheritanceHash":""},{"PrincipalSID":"S-1-5-21-1791836976-708553029-508572745-519","PrincipalType":"Group","RightName":"WriteDacl","IsInherited":false,"InheritanceHash":""},{"PrincipalSID":"S-1-5-21-1791836976-708553029-508572745-519","PrincipalType":"Group","RightName":"WriteOwner","IsInherited":false,"InheritanceHash":""},{"PrincipalSID":"S-1-5-21-1791836976-708553029-508572745-519","PrincipalType":"Group","RightName":"GenericWrite","IsInherited":false,"InheritanceHash":""}],"ObjectIdentifier":"C4E5D5C6-BBD8-426F-8E1B-0398D66AF314","IsDeleted":false,"IsACLProtected":true,"ContainedBy":null}],"meta":{"methods":291819,"type":"gpos","count":18,"version":6,"collectorversion":"2.5.7.0"}}