{"data":[{"Properties":{"domain":"EVIL.PLUMBING.XYZ","name":"NTAUTHCERTIFICATES@EVIL.PLUMBING.XYZ","distinguishedname":"CN=NTAUTHCERTIFICATES,CN=PUBLIC KEY SERVICES,CN=SERVICES,CN=CONFIGURATION,DC=EVIL,DC=PLUMBING,DC=XYZ","domainsid":"S-1-5-21-1791836976-708553029-508572745","isaclprotected":false,"certthumbprints":["D3D05C2524DB06DACE2C61CA4A6E1513120C059C"],"whencreated":1727121561},"DomainSID":"S-1-5-21-1791836976-708553029-508572745","Aces":[{"PrincipalSID":"S-1-5-21-1791836976-708553029-508572745-512","PrincipalType":"Group","RightName":"Owns","IsInherited":false,"InheritanceHash":null},{"PrincipalSID":"EVIL.PLUMBING.XYZ-S-1-5-32-544","PrincipalType":"Group","RightName":"GenericAll","IsInherited":false,"InheritanceHash":""},{"PrincipalSID":"S-1-5-21-1791836976-708553029-508572745-512","PrincipalType":"Group","RightName":"GenericAll","IsInherited":false,"InheritanceHash":""},{"PrincipalSID":"S-1-5-21-1791836976-708553029-508572745-519","PrincipalType":"Group","RightName":"GenericAll","IsInherited":false,"InheritanceHash":""},{"PrincipalSID":"S-1-5-21-1791836976-708553029-508572745-519","PrincipalType":"Group","RightName":"GenericAll","IsInherited":true,"InheritanceHash":"ea27f6223417c503f89fa85b34f3fcc5"},{"PrincipalSID":"S-1-5-21-1791836976-708553029-508572745-512","PrincipalType":"Group","RightName":"WriteDacl","IsInherited":true,"InheritanceHash":"e253816b10799fddfe8705e97daf1498"},{"PrincipalSID":"S-1-5-21-1791836976-708553029-508572745-512","PrincipalType":"Group","RightName":"WriteOwner","IsInherited":true,"InheritanceHash":"e253816b10799fddfe8705e97daf1498"},{"PrincipalSID":"S-1-5-21-1791836976-708553029-508572745-512","PrincipalType":"Group","RightName":"GenericWrite","IsInherited":true,"InheritanceHash":"e253816b10799fddfe8705e97daf1498"}],"ObjectIdentifier":"F403ECD5-71AD-419C-BAAB-7BAFD138EDBC","IsDeleted":false,"IsACLProtected":false,"ContainedBy":{"ObjectIdentifier":"BF5F5CF2-C047-483E-A631-58EEB674CF83","ObjectType":"Container"}}],"meta":{"methods":291819,"type":"ntauthstores","count":1,"version":6,"collectorversion":"2.5.7.0"}}