{"data":[{"Properties":{"domain":"EVIL.PLUMBING.XYZ","name":"EVILCA@EVIL.PLUMBING.XYZ","distinguishedname":"CN=EVILCA,CN=ENROLLMENT SERVICES,CN=PUBLIC KEY SERVICES,CN=SERVICES,CN=CONFIGURATION,DC=EVIL,DC=PLUMBING,DC=XYZ","domainsid":"S-1-5-21-1791836976-708553029-508572745","isaclprotected":false,"whencreated":1727121561,"flags":"SUPPORTS_NT_AUTHENTICATION, CA_SERVERTYPE_ADVANCED","caname":"EvilCA","dnshostname":"EC2AMAZ-K58LQCB.evil.plumbing.xyz","certthumbprint":"D3D05C2524DB06DACE2C61CA4A6E1513120C059C","certname":"D3D05C2524DB06DACE2C61CA4A6E1513120C059C","certchain":["D3D05C2524DB06DACE2C61CA4A6E1513120C059C"],"hasbasicconstraints":false,"basicconstraintpathlength":0,"unresolvedpublishedtemplates":[]},"HostingComputer":null,"CARegistryData":null,"EnabledCertTemplates":[{"ObjectIdentifier":"1136A71E-C9E1-4CA6-98FE-6C0CC8A94A3D","ObjectType":"CertTemplate"},{"ObjectIdentifier":"BE3C6055-4AF9-4A3E-A24E-94526A68131F","ObjectType":"CertTemplate"},{"ObjectIdentifier":"E72DEDE5-DA76-4170-B72E-1B03AA311EC8","ObjectType":"CertTemplate"},{"ObjectIdentifier":"9EEF9636-D6D1-4020-ADE2-AB12C40AFE1C","ObjectType":"CertTemplate"},{"ObjectIdentifier":"EDCF3D9D-CA7C-4380-A8BE-AD265D2FCD58","ObjectType":"CertTemplate"},{"ObjectIdentifier":"CD74704A-91FB-4002-91C0-1DEA6D1B84E3","ObjectType":"CertTemplate"},{"ObjectIdentifier":"88BD2DA8-BAD4-42CB-AF18-D505C4F60986","ObjectType":"CertTemplate"},{"ObjectIdentifier":"CD742AF3-3549-41FB-A4C5-0F0CC0089BBD","ObjectType":"CertTemplate"},{"ObjectIdentifier":"A62B6FEB-7F4E-4D6F-9321-0EFE0CC9AB2C","ObjectType":"CertTemplate"},{"ObjectIdentifier":"3A789E54-A8AE-42A2-A6AD-169F208CEE8B","ObjectType":"CertTemplate"},{"ObjectIdentifier":"8DDD506B-2573-46E7-AE71-0DADBF92FEDD","ObjectType":"CertTemplate"}],"Aces":[{"PrincipalSID":"S-1-5-21-1791836976-708553029-508572745-512","PrincipalType":"Group","RightName":"Owns","IsInherited":false,"InheritanceHash":null},{"PrincipalSID":"S-1-5-21-1791836976-708553029-508572745-519","PrincipalType":"Group","RightName":"WriteDacl","IsInherited":false,"InheritanceHash":""},{"PrincipalSID":"S-1-5-21-1791836976-708553029-508572745-519","PrincipalType":"Group","RightName":"WriteOwner","IsInherited":false,"InheritanceHash":""},{"PrincipalSID":"S-1-5-21-1791836976-708553029-508572745-519","PrincipalType":"Group","RightName":"GenericWrite","IsInherited":false,"InheritanceHash":""},{"PrincipalSID":"S-1-5-21-1791836976-708553029-508572745-519","PrincipalType":"Group","RightName":"ManageCA","IsInherited":false,"InheritanceHash":""},{"PrincipalSID":"S-1-5-21-1791836976-708553029-508572745-519","PrincipalType":"Group","RightName":"ManageCertificates","IsInherited":false,"InheritanceHash":""},{"PrincipalSID":"S-1-5-21-1791836976-708553029-508572745-1000","PrincipalType":"Computer","RightName":"WriteDacl","IsInherited":false,"InheritanceHash":""},{"PrincipalSID":"S-1-5-21-1791836976-708553029-508572745-1000","PrincipalType":"Computer","RightName":"WriteOwner","IsInherited":false,"InheritanceHash":""},{"PrincipalSID":"S-1-5-21-1791836976-708553029-508572745-1000","PrincipalType":"Computer","RightName":"GenericWrite","IsInherited":false,"InheritanceHash":""},{"PrincipalSID":"S-1-5-21-1791836976-708553029-508572745-1000","PrincipalType":"Computer","RightName":"ManageCA","IsInherited":false,"InheritanceHash":""},{"PrincipalSID":"S-1-5-21-1791836976-708553029-508572745-1000","PrincipalType":"Computer","RightName":"ManageCertificates","IsInherited":false,"InheritanceHash":""},{"PrincipalSID":"EVIL.PLUMBING.XYZ-S-1-5-11","PrincipalType":"Group","RightName":"Enroll","IsInherited":false,"InheritanceHash":""},{"PrincipalSID":"S-1-5-21-1791836976-708553029-508572745-519","PrincipalType":"Group","RightName":"GenericAll","IsInherited":true,"InheritanceHash":"ea27f6223417c503f89fa85b34f3fcc5"},{"PrincipalSID":"S-1-5-21-1791836976-708553029-508572745-512","PrincipalType":"Group","RightName":"WriteDacl","IsInherited":true,"InheritanceHash":"e253816b10799fddfe8705e97daf1498"},{"PrincipalSID":"S-1-5-21-1791836976-708553029-508572745-512","PrincipalType":"Group","RightName":"WriteOwner","IsInherited":true,"InheritanceHash":"e253816b10799fddfe8705e97daf1498"},{"PrincipalSID":"S-1-5-21-1791836976-708553029-508572745-512","PrincipalType":"Group","RightName":"GenericWrite","IsInherited":true,"InheritanceHash":"e253816b10799fddfe8705e97daf1498"},{"PrincipalSID":"S-1-5-21-1791836976-708553029-508572745-512","PrincipalType":"Group","RightName":"ManageCA","IsInherited":true,"InheritanceHash":"e253816b10799fddfe8705e97daf1498"}],"ObjectIdentifier":"1E5BE94B-EE22-4609-9C46-5B885746D28D","IsDeleted":false,"IsACLProtected":false,"ContainedBy":{"ObjectIdentifier":"78F51511-6C56-424C-A8E9-1F2CAA0B985B","ObjectType":"Container"}}],"meta":{"methods":291819,"type":"enterprisecas","count":1,"version":6,"collectorversion":"2.5.7.0"}}