{"data":[{"Properties":{"domain":"EVIL.PLUMBING.XYZ","name":"EVILCA@EVIL.PLUMBING.XYZ","distinguishedname":"CN=EVILCA,CN=AIA,CN=PUBLIC KEY SERVICES,CN=SERVICES,CN=CONFIGURATION,DC=EVIL,DC=PLUMBING,DC=XYZ","domainsid":"S-1-5-21-1791836976-708553029-508572745","isaclprotected":false,"whencreated":1727121561,"crosscertificatepair":[],"hascrosscertificatepair":false,"certthumbprint":"D3D05C2524DB06DACE2C61CA4A6E1513120C059C","certname":"D3D05C2524DB06DACE2C61CA4A6E1513120C059C","certchain":["D3D05C2524DB06DACE2C61CA4A6E1513120C059C"],"hasbasicconstraints":false,"basicconstraintpathlength":0},"Aces":[{"PrincipalSID":"S-1-5-21-1791836976-708553029-508572745-512","PrincipalType":"Group","RightName":"Owns","IsInherited":false,"InheritanceHash":null},{"PrincipalSID":"EVIL.PLUMBING.XYZ-S-1-5-32-544","PrincipalType":"Group","RightName":"GenericAll","IsInherited":false,"InheritanceHash":""},{"PrincipalSID":"S-1-5-21-1791836976-708553029-508572745-512","PrincipalType":"Group","RightName":"GenericAll","IsInherited":false,"InheritanceHash":""},{"PrincipalSID":"S-1-5-21-1791836976-708553029-508572745-519","PrincipalType":"Group","RightName":"GenericAll","IsInherited":false,"InheritanceHash":""},{"PrincipalSID":"S-1-5-21-1791836976-708553029-508572745-1000","PrincipalType":"Computer","RightName":"GenericAll","IsInherited":false,"InheritanceHash":""},{"PrincipalSID":"S-1-5-21-1791836976-708553029-508572745-519","PrincipalType":"Group","RightName":"GenericAll","IsInherited":true,"InheritanceHash":"ea27f6223417c503f89fa85b34f3fcc5"},{"PrincipalSID":"S-1-5-21-1791836976-708553029-508572745-512","PrincipalType":"Group","RightName":"WriteDacl","IsInherited":true,"InheritanceHash":"e253816b10799fddfe8705e97daf1498"},{"PrincipalSID":"S-1-5-21-1791836976-708553029-508572745-512","PrincipalType":"Group","RightName":"WriteOwner","IsInherited":true,"InheritanceHash":"e253816b10799fddfe8705e97daf1498"},{"PrincipalSID":"S-1-5-21-1791836976-708553029-508572745-512","PrincipalType":"Group","RightName":"GenericWrite","IsInherited":true,"InheritanceHash":"e253816b10799fddfe8705e97daf1498"}],"ObjectIdentifier":"BE75B72F-71F4-4369-9AA9-43F648026AFA","IsDeleted":false,"IsACLProtected":false,"ContainedBy":{"ObjectIdentifier":"794CB011-23EC-409B-A7E9-6D7D5FC46BF5","ObjectType":"Container"}}],"meta":{"methods":291819,"type":"aiacas","count":1,"version":6,"collectorversion":"2.5.7.0"}}