{"data":[{"GPOChanges":{"LocalAdmins":[],"RemoteDesktopUsers":[],"DcomUsers":[],"PSRemoteUsers":[],"AffectedComputers":[]},"Properties":{"domain":"EVIL.PLUMBING.XYZ","name":"EVIL.PLUMBING.XYZ","distinguishedname":"DC=EVIL,DC=PLUMBING,DC=XYZ","domainsid":"S-1-5-21-1791836976-708553029-508572745","isaclprotected":false,"whencreated":1725417782,"expirepasswordsonsmartcardonlyaccounts":"TRUE","machineaccountquota":"10","minpwdlength":"7","pwdproperties":"1","pwdhistorylength":"24","lockoutthreshold":"0","minpwdage":"1 day","maxpwdage":"42 days","lockoutduration":"10 minutes","lockoutobservationwindow":-6000000000,"functionallevel":"2016","dsheuristics":null,"collected":true},"ChildObjects":[],"Trusts":[],"Links":[{"IsEnforced":false,"GUID":"B51A3E0B-B893-4AE6-94CA-2D52C9438904"}],"InheritanceHashes":["46b66b0abd4e73f940c5acadaf59fd61","f73f4698fa116794b0b2a14d4870ea4c","ea27f6223417c503f89fa85b34f3fcc5","5f0c7cb059be4729f23272c1fef0c355","aba567b1fe3aeadd7f30347584b7e400","1c67f096db40d41c635f7bca385fe906","0341b16cf95ca35cd6176ebfaca0c06f","4167e65b09075bea2322640d2fa19281","26ce62a37185b7b6089a38fb877aaf38","f4e92523b82f57262878e4ddf094065a","448a83e80d3fc3055db4b94a87449836","9729f6da177cc5460d7cee5186320086","c91e5d60ff2610dc3bc176392a62f5f8","3c2365d3d6905f0fd2ebd95a4eff02fe","e6e3cc3f62ffbad3f5f27d59544aadc1","75de53364d229af621ae530db949f64e","0c43c68a03b94444500a28dce9716534","7d3f82e4ff0112cd0a13b4236daf8046","391d898b72146e1bd3f4179ea0a1447b","d0941ccfc4c16919febd3b206e273c95","1b06055590644c1d880a025e85d59265","f4eba04f233573a414ab5f3d0791eee0","12cc1b369f8fd0df2a7be14fc4cad60f","68c19e0b35b1b014adf3e004af07f977","eb599584dbc0b764a158e8bcff133bee","f53bc757f74fe7aa9ae22f6a0f94508b","f762a970015e2b2d5f6b28e4e21626a4","283c2bd4cc58f4aaf7b85d6d5db66d70","fe980f749c877c206f9605c14b4b0ab3","ecf2c391dd58ac7ceda38380e439a51a","785f40850157b2210735f6b904b4e93e","ca1def6c340fd308b5db8a38822616ae","f2f1cb297cfc9103bab2c378dff059ab","1a0fabde518b51f3226231953fcbb881","7b0621b198c7c1289c4d34d88827021b","530eb5cb9cec698ae7e9724d528afe14"],"ForestRootIdentifier":"S-1-5-21-1791836976-708553029-508572745","Aces":[{"PrincipalSID":"EVIL.PLUMBING.XYZ-S-1-5-32-544","PrincipalType":"Group","RightName":"Owns","IsInherited":false,"InheritanceHash":null},{"PrincipalSID":"EVIL.PLUMBING.XYZ-S-1-5-32-544","PrincipalType":"Group","RightName":"WriteDacl","IsInherited":false,"InheritanceHash":""},{"PrincipalSID":"EVIL.PLUMBING.XYZ-S-1-5-32-544","PrincipalType":"Group","RightName":"WriteOwner","IsInherited":false,"InheritanceHash":""},{"PrincipalSID":"EVIL.PLUMBING.XYZ-S-1-5-32-544","PrincipalType":"Group","RightName":"AllExtendedRights","IsInherited":false,"InheritanceHash":""},{"PrincipalSID":"EVIL.PLUMBING.XYZ-S-1-5-32-544","PrincipalType":"Group","RightName":"GenericWrite","IsInherited":false,"InheritanceHash":""},{"PrincipalSID":"S-1-5-21-1791836976-708553029-508572745-512","PrincipalType":"Group","RightName":"WriteDacl","IsInherited":false,"InheritanceHash":""},{"PrincipalSID":"S-1-5-21-1791836976-708553029-508572745-512","PrincipalType":"Group","RightName":"WriteOwner","IsInherited":false,"InheritanceHash":""},{"PrincipalSID":"S-1-5-21-1791836976-708553029-508572745-512","PrincipalType":"Group","RightName":"AllExtendedRights","IsInherited":false,"InheritanceHash":""},{"PrincipalSID":"S-1-5-21-1791836976-708553029-508572745-512","PrincipalType":"Group","RightName":"GenericWrite","IsInherited":false,"InheritanceHash":""},{"PrincipalSID":"S-1-5-21-1791836976-708553029-508572745-519","PrincipalType":"Group","RightName":"GenericAll","IsInherited":false,"InheritanceHash":""},{"PrincipalSID":"EVIL.PLUMBING.XYZ-S-1-5-9","PrincipalType":"Group","RightName":"GetChanges","IsInherited":false,"InheritanceHash":""},{"PrincipalSID":"EVIL.PLUMBING.XYZ-S-1-5-9","PrincipalType":"Group","RightName":"GetChangesInFilteredSet","IsInherited":false,"InheritanceHash":""},{"PrincipalSID":"EVIL.PLUMBING.XYZ-S-1-5-32-544","PrincipalType":"Group","RightName":"GetChangesInFilteredSet","IsInherited":false,"InheritanceHash":""},{"PrincipalSID":"EVIL.PLUMBING.XYZ-S-1-5-32-544","PrincipalType":"Group","RightName":"GetChanges","IsInherited":false,"InheritanceHash":""},{"PrincipalSID":"EVIL.PLUMBING.XYZ-S-1-5-32-544","PrincipalType":"Group","RightName":"GetChangesAll","IsInherited":false,"InheritanceHash":""},{"PrincipalSID":"S-1-5-21-1791836976-708553029-508572745-498","PrincipalType":"Group","RightName":"GetChanges","IsInherited":false,"InheritanceHash":""},{"PrincipalSID":"S-1-5-21-1791836976-708553029-508572745-516","PrincipalType":"Group","RightName":"GetChangesAll","IsInherited":false,"InheritanceHash":""}],"ObjectIdentifier":"S-1-5-21-1791836976-708553029-508572745","IsDeleted":false,"IsACLProtected":false,"ContainedBy":null}],"meta":{"methods":291819,"type":"domains","count":1,"version":6,"collectorversion":"2.5.7.0"}}